[
  {
    "author": "wisky_visitor_id",
    "creationTime": 1770032051685,
    "description": "",
    "fileName": "page_88658881-e2b7-4d35-8740-10ff795d8e8f",
    "fileParentName": "",
    "fileState": 1,
    "fileType": 30,
    "iconResource": 0,
    "id": "d4f489de-1a5d-4b1a-83bf-0386794aa858",
    "isChecked": false,
    "isShowMenu": false,
    "lastModifiedTime": 1770032183599,
    "lastSyncTime": 0,
    "order": 0,
    "page": [],
    "pid": "018a2d13-6c1b-45c1-912c-74817f9ddaff",
    "resource": [],
    "totalPageSize": 0,
    "uniqueId": "",
    "userId": "wisky_visitor_id"
  }
]