[
  {
    "bottom": 1920,
    "creationTime": 1770032051685,
    "description": "",
    "fileName": "mainBmp_2b8eac4c-9006-4dcb-912d-7be29088278c.png",
    "id": "5a0fec42-5ba6-4e07-9493-d58972b9cace",
    "imageBoxPath": "",
    "isChecked": false,
    "lastModifiedTime": 1770032051685,
    "lastSyncTime": 0,
    "left": 0,
    "nickname": "1",
    "noteId": "018a2d13-6c1b-45c1-912c-74817f9ddaff",
    "order": 0,
    "pid": "d4f489de-1a5d-4b1a-83bf-0386794aa858",
    "resourceState": 3,
    "resourceType": 1,
    "right": 1440,
    "rotate": 0.0,
    "scale": 0.0,
    "screenHeight": 1920.0,
    "screenWidth": 1440.0,
    "top": 0,
    "uniqueId": ""
  },
  {
    "bottom": 1920,
    "creationTime": 1770032051686,
    "description": "",
    "fileName": "path_5a0fec42-5ba6-4e07-9493-d58972b9cace.json",
    "id": "58cbd0e3-d246-418a-be78-a366bf6287f1",
    "imageBoxPath": "",
    "isChecked": false,
    "lastModifiedTime": 1770032051686,
    "lastSyncTime": 0,
    "left": 0,
    "nickname": "5a0fec42-5ba6-4e07-9493-d58972b9cace",
    "noteId": "018a2d13-6c1b-45c1-912c-74817f9ddaff",
    "order": 0,
    "pid": "d4f489de-1a5d-4b1a-83bf-0386794aa858",
    "resourceState": 1,
    "resourceType": 7,
    "right": 1440,
    "rotate": 0.0,
    "scale": 0.0,
    "screenHeight": 1920.0,
    "screenWidth": 1440.0,
    "top": 0,
    "uniqueId": ""
  },
  {
    "bottom": 1920,
    "creationTime": 1769958000000,
    "description": "",
    "fileName": "browsingHistory_1769958000000.browsingHistory",
    "id": "d2804622-6d85-4464-bf7d-3974de514e1b",
    "imageBoxPath": "",
    "isChecked": false,
    "lastModifiedTime": 1769958000000,
    "lastSyncTime": 0,
    "left": 0,
    "nickname": "d4f489de-1a5d-4b1a-83bf-0386794aa858",
    "noteId": "018a2d13-6c1b-45c1-912c-74817f9ddaff",
    "order": 0,
    "pid": "018a2d13-6c1b-45c1-912c-74817f9ddaff",
    "resourceState": 1,
    "resourceType": 11,
    "right": 1440,
    "rotate": 0.0,
    "scale": 0.0,
    "screenHeight": 1920.0,
    "screenWidth": 1440.0,
    "top": 0,
    "uniqueId": ""
  },
  {
    "bottom": 1920,
    "creationTime": 1770032051686,
    "description": "",
    "fileName": "order_d4f489de-1a5d-4b1a-83bf-0386794aa858.txt",
    "id": "19b92857-2b7f-4715-9561-597663faa025",
    "imageBoxPath": "",
    "isChecked": false,
    "lastModifiedTime": 1770032051686,
    "lastSyncTime": 0,
    "left": 0,
    "nickname": "1",
    "noteId": "018a2d13-6c1b-45c1-912c-74817f9ddaff",
    "order": 0,
    "pid": "d4f489de-1a5d-4b1a-83bf-0386794aa858",
    "resourceState": 1,
    "resourceType": 8,
    "right": 1440,
    "rotate": 0.0,
    "scale": 0.0,
    "screenHeight": 1920.0,
    "screenWidth": 1440.0,
    "top": 0,
    "uniqueId": ""
  },
  {
    "bottom": 1920,
    "creationTime": 1770032070693,
    "description": "",
    "fileName": "screenshotBmp_d4f489de-1a5d-4b1a-83bf-0386794aa858.png",
    "id": "3fb1adfe-583e-4490-a5bb-8f63eb04477e",
    "imageBoxPath": "",
    "isChecked": false,
    "lastModifiedTime": 1770032183388,
    "lastSyncTime": 0,
    "left": 0,
    "nickname": "1",
    "noteId": "018a2d13-6c1b-45c1-912c-74817f9ddaff",
    "order": 0,
    "pid": "d4f489de-1a5d-4b1a-83bf-0386794aa858",
    "resourceState": 1,
    "resourceType": 2,
    "right": 1440,
    "rotate": 0.0,
    "scale": 0.0,
    "screenHeight": 1920.0,
    "screenWidth": 1440.0,
    "top": 0,
    "uniqueId": ""
  },
  {
    "bottom": 568,
    "creationTime": 1770032070945,
    "description": "",
    "fileName": "Thumbnail_d4f489de-1a5d-4b1a-83bf-0386794aa858.png",
    "id": "eff68826-14ed-44ba-953a-c4fdac0d5246",
    "imageBoxPath": "",
    "isChecked": false,
    "lastModifiedTime": 1770032183586,
    "lastSyncTime": 0,
    "left": 0,
    "nickname": "1",
    "noteId": "018a2d13-6c1b-45c1-912c-74817f9ddaff",
    "order": 0,
    "pid": "d4f489de-1a5d-4b1a-83bf-0386794aa858",
    "resourceState": 1,
    "resourceType": 9,
    "right": 426,
    "rotate": 0.0,
    "scale": 0.0,
    "screenHeight": 1920.0,
    "screenWidth": 1440.0,
    "top": 0,
    "uniqueId": ""
  }
]