{
  "author": "wisky_visitor_id",
  "creationTime": 1770032051684,
  "description": "",
  "fileName": "일 반",
  "fileParentName": "",
  "fileState": 257,
  "fileType": 20,
  "iconResource": 0,
  "id": "018a2d13-6c1b-45c1-912c-74817f9ddaff",
  "isChecked": false,
  "isShowMenu": false,
  "lastModifiedTime": 1770032160134,
  "lastSyncTime": 0,
  "order": 0,
  "page": [],
  "pid": "NOTE_DEFAULT_DIR_ID_wisky_visitor_id",
  "resource": [],
  "totalPageSize": 0,
  "uniqueId": "",
  "userId": "wisky_visitor_id"
}