[
  {
    "author": "wisky_visitor_id",
    "creationTime": 1770032228797,
    "description": "",
    "fileName": "page_b0148ec3-da10-44b1-94de-d8c9dae874a4",
    "fileParentName": "",
    "fileState": 1,
    "fileType": 30,
    "iconResource": 0,
    "id": "4533986c-36ec-46f8-b6c4-82969088703a",
    "isChecked": false,
    "isShowMenu": false,
    "lastModifiedTime": 1770032272275,
    "lastSyncTime": 0,
    "order": 0,
    "page": [],
    "pid": "b2069e16-2132-4a37-9e66-6b4e26d64a86",
    "resource": [],
    "totalPageSize": 0,
    "uniqueId": "",
    "userId": "wisky_visitor_id"
  }
]