{
  "author": "wisky_visitor_id",
  "creationTime": 1768905629063,
  "description": "",
  "fileName": "note_writer_default_1768905629063",
  "fileParentName": "",
  "fileState": 1,
  "fileType": 3,
  "iconResource": 0,
  "id": "NOTE_DEFAULT_DIR_ID_wisky_visitor_id",
  "isChecked": false,
  "isShowMenu": false,
  "lastModifiedTime": 1768905629063,
  "lastSyncTime": 0,
  "order": 0,
  "page": [],
  "pid": "NOTE_USER_DIR_ID_wisky_visitor_id",
  "resource": [],
  "totalPageSize": 0,
  "uniqueId": "",
  "userId": "wisky_visitor_id"
}