[
  {
    "bottom": 1920,
    "creationTime": 1770032228799,
    "description": "",
    "fileName": "mainBmp_a644cd28-31c4-49ba-8817-aa20f5c38455.png",
    "id": "e8ba7c2c-9d68-4c7b-81e7-5be33a1ac55b",
    "imageBoxPath": "",
    "isChecked": false,
    "lastModifiedTime": 1770032228799,
    "lastSyncTime": 0,
    "left": 0,
    "nickname": "1",
    "noteId": "b2069e16-2132-4a37-9e66-6b4e26d64a86",
    "order": 0,
    "pid": "4533986c-36ec-46f8-b6c4-82969088703a",
    "resourceState": 3,
    "resourceType": 1,
    "right": 1440,
    "rotate": 0.0,
    "scale": 0.0,
    "screenHeight": 1920.0,
    "screenWidth": 1440.0,
    "top": 0,
    "uniqueId": ""
  },
  {
    "bottom": 1920,
    "creationTime": 1770032228803,
    "description": "",
    "fileName": "path_e8ba7c2c-9d68-4c7b-81e7-5be33a1ac55b.json",
    "id": "87895d72-3947-4dfb-af50-ea7fe6fbb5b8",
    "imageBoxPath": "",
    "isChecked": false,
    "lastModifiedTime": 1770032228803,
    "lastSyncTime": 0,
    "left": 0,
    "nickname": "e8ba7c2c-9d68-4c7b-81e7-5be33a1ac55b",
    "noteId": "b2069e16-2132-4a37-9e66-6b4e26d64a86",
    "order": 0,
    "pid": "4533986c-36ec-46f8-b6c4-82969088703a",
    "resourceState": 1,
    "resourceType": 7,
    "right": 1440,
    "rotate": 0.0,
    "scale": 0.0,
    "screenHeight": 1920.0,
    "screenWidth": 1440.0,
    "top": 0,
    "uniqueId": ""
  },
  {
    "bottom": 1920,
    "creationTime": 1770032238612,
    "description": "",
    "fileName": "screenshotBmp_4533986c-36ec-46f8-b6c4-82969088703a.png",
    "id": "f978671a-b5ed-4ec6-bc15-a0aabb15096f",
    "imageBoxPath": "",
    "isChecked": false,
    "lastModifiedTime": 1770032258857,
    "lastSyncTime": 0,
    "left": 0,
    "nickname": "1",
    "noteId": "b2069e16-2132-4a37-9e66-6b4e26d64a86",
    "order": 0,
    "pid": "4533986c-36ec-46f8-b6c4-82969088703a",
    "resourceState": 1,
    "resourceType": 2,
    "right": 1440,
    "rotate": 0.0,
    "scale": 0.0,
    "screenHeight": 1920.0,
    "screenWidth": 1440.0,
    "top": 0,
    "uniqueId": ""
  },
  {
    "bottom": 568,
    "creationTime": 1770032238836,
    "description": "",
    "fileName": "Thumbnail_4533986c-36ec-46f8-b6c4-82969088703a.png",
    "id": "ad4f3cc3-35af-4f71-9bc0-a5967a6f6465",
    "imageBoxPath": "",
    "isChecked": false,
    "lastModifiedTime": 1770032259066,
    "lastSyncTime": 0,
    "left": 0,
    "nickname": "1",
    "noteId": "b2069e16-2132-4a37-9e66-6b4e26d64a86",
    "order": 0,
    "pid": "4533986c-36ec-46f8-b6c4-82969088703a",
    "resourceState": 1,
    "resourceType": 9,
    "right": 426,
    "rotate": 0.0,
    "scale": 0.0,
    "screenHeight": 1920.0,
    "screenWidth": 1440.0,
    "top": 0,
    "uniqueId": ""
  },
  {
    "bottom": 1920,
    "creationTime": 1769958000000,
    "description": "",
    "fileName": "browsingHistory_1769958000000.browsingHistory",
    "id": "b63214f2-777d-437c-af1c-3e096723d6f1",
    "imageBoxPath": "",
    "isChecked": false,
    "lastModifiedTime": 1769958000000,
    "lastSyncTime": 0,
    "left": 0,
    "nickname": "4533986c-36ec-46f8-b6c4-82969088703a",
    "noteId": "b2069e16-2132-4a37-9e66-6b4e26d64a86",
    "order": 0,
    "pid": "b2069e16-2132-4a37-9e66-6b4e26d64a86",
    "resourceState": 1,
    "resourceType": 11,
    "right": 1440,
    "rotate": 0.0,
    "scale": 0.0,
    "screenHeight": 1920.0,
    "screenWidth": 1440.0,
    "top": 0,
    "uniqueId": ""
  },
  {
    "bottom": 1920,
    "creationTime": 1770032228802,
    "description": "",
    "fileName": "order_4533986c-36ec-46f8-b6c4-82969088703a.txt",
    "id": "41f810da-a72e-4ff4-89a6-4d6cca608ced",
    "imageBoxPath": "",
    "isChecked": false,
    "lastModifiedTime": 1770032228802,
    "lastSyncTime": 0,
    "left": 0,
    "nickname": "1",
    "noteId": "b2069e16-2132-4a37-9e66-6b4e26d64a86",
    "order": 0,
    "pid": "4533986c-36ec-46f8-b6c4-82969088703a",
    "resourceState": 1,
    "resourceType": 8,
    "right": 1440,
    "rotate": 0.0,
    "scale": 0.0,
    "screenHeight": 1920.0,
    "screenWidth": 1440.0,
    "top": 0,
    "uniqueId": ""
  }
]