{
  "author": "wisky_visitor_id",
  "creationTime": 1770032228792,
  "description": "",
  "fileName": "위치만 이동",
  "fileParentName": "",
  "fileState": 257,
  "fileType": 20,
  "iconResource": 0,
  "id": "b2069e16-2132-4a37-9e66-6b4e26d64a86",
  "isChecked": false,
  "isShowMenu": false,
  "lastModifiedTime": 1770032260934,
  "lastSyncTime": 0,
  "order": 0,
  "page": [],
  "pid": "NOTE_DEFAULT_DIR_ID_wisky_visitor_id",
  "resource": [],
  "totalPageSize": 0,
  "uniqueId": "",
  "userId": "wisky_visitor_id"
}